Video ID,Title,Published At,Channel Title,View Count,Like Count,Comment Count
N-gpD9QqTK0,Náº¥u Ä‘Ã¡m tiá»‡c kiá»ƒu ChÃ¢u Phi quÃ¡ nhiá»u Ä‘áº·c sáº£n |Du lá»‹ch áº©m thá»±c Kenya P13,2024-12-01T10:44:37Z,Khoai Lang Thang,1520244,37496,1969
M_WD9Dxayk8,Äáº¿n nhÃ  ngÆ°á»i láº¡ náº¥u Äƒn á»Ÿ khu xÃ£ há»™i khÃ©t tiáº¿ng | Du lá»‹ch áº©m thá»±c Kenya P12,2024-11-17T11:57:32Z,Khoai Lang Thang,1602732,28690,1378
5AJd2FJUVkc,Ä‚n 10 mÃ³n láº¡ á»Ÿ khu á»• chuá»™t lá»›n thá»© 3 Tháº¿ Giá»›i |Du lá»‹ch áº©m thá»±c ChÃ¢u Phi Kenya P11,2024-11-05T13:27:52Z,Khoai Lang Thang,2130532,29506,1236
92-IbWKp_3k,Gáº·p náº¡n á»Ÿ CHá»¢ TRá»œI ChÃ¢u Phi - Du lá»‹ch áº©m thá»±c Kenya P10,2024-10-27T11:52:00Z,Khoai Lang Thang,1779109,24698,1794
MLBhMV8k6e0,Du lá»‹ch áº©m thá»±c ChÃ¢u Phi P9: Nhá»¯ng ngÃ y Ä‘áº§u á»Ÿ Kenya,2024-10-16T14:05:48Z,Khoai Lang Thang,2031031,28867,1248
cJD4fc5l3fM,ChÃ¢u Phi p8: HÃ€NG C.áº¤.M & chá»£ khá»•ng lá»“ |Du lá»‹ch áº©m thá»±c Madagascar,2024-09-29T11:04:10Z,Khoai Lang Thang,2925686,35972,1625
mzeh6lWhFi4,Du lá»‹ch ChÃ¢u Phi P7: Ká»³ bÃ­ rá»«ng ráº­m |áº¨m thá»±c Madagascar,2024-09-10T12:31:20Z,Khoai Lang Thang,2733586,34429,1541
NgaZHtCr_a0,Theo ngÆ°á»i láº¡ vÆ°á»£t biá»ƒn Ä‘áº¿n nÆ¡i toÃ n háº£i sáº£n á»Ÿ ChÃ¢u Phi |Du lá»‹ch áº©m thá»±c Madagascar P6,2024-08-25T07:48:07Z,Khoai Lang Thang,3437252,51824,2245
oL9OX4e2Kl4,TÃ¬m Äƒn trÃ¡i tháº§n á»Ÿ cung Ä‘Æ°á»ng T.á»¬ THáº¦N | Du lá»‹ch áº©m thá»±c Madagascar ChÃ¢u Phi P5,2024-08-11T17:40:29Z,Khoai Lang Thang,3584002,45841,2445
IJ24VtLd1jU,2 ngÃ y 1 Ä‘Ãªm khÃ´ng tÆ°á»Ÿng á»Ÿ tÃ¢m Thá»§ ÄÃ´ - Du lá»‹ch áº©m thá»±c ChÃ¢u Phi Madagascar  P4,2024-08-07T15:49:32Z,Khoai Lang Thang,3282410,35258,1397
xEnYZ55FCG8,"Chá»£ trá»i ChÃ¢u Phi: Hoáº£ng há»‘t Ä‘áº¿n tháº£ng thá»‘t, háº£i sáº£n, cua biá»ƒn,... |Du lá»‹ch áº©m thá»±c Madagascar P3",2024-08-01T13:25:56Z,Khoai Lang Thang,5242930,49466,2993
aoFeasRsiyk,áº¨m thá»±c Ä‘Æ°á»ng phá»‘ ChÃ¢u Phi - Madagascar: ChoÃ¡ng ngá»£p vÃ  hoÃ i niá»‡m |Du lá»‹ch áº©m thá»±c ChÃ¢u Phi P2,2024-07-10T10:03:36Z,Khoai Lang Thang,2890252,38724,1863
0Q8fkicguR8,Du lá»‹ch ChÃ¢u Phi - Madagascar P1: Kinh nghiá»‡m nhá»› Ä‘á»i,2024-07-03T13:24:10Z,Khoai Lang Thang,2145024,34792,1587
E-JMv4ebt18,"Du lá»‹ch Má»¹ tá»± tÃºc #6: Tai náº¡n xe, sá»± cá»‘ tuyáº¿t, há»“ muá»‘i khá»•ng lá»“, con máº¯t Mesa...",2024-05-16T10:08:36Z,Khoai Lang Thang,1204102,27169,881
7v7EBziokmM,Du lá»‹ch Má»¹ tá»± tÃºc #5: Äá»«ng Ä‘áº¿n Arizona má»™t mÃ¬nh! USA trip,2024-05-03T12:20:37Z,Khoai Lang Thang,1787991,22571,917
7TdSEX4JFdw,ThiÃªn Ä‘Æ°á»ng cÃ¡m dá»—: Las Vegas - Du lá»‹ch Má»¹ tá»± tÃºc #4 | USA Trip,2024-04-20T13:13:17Z,Khoai Lang Thang,2819656,35112,1269
5cW2Kj4_7HY,ChoÃ¡ng ngá»£p thung lÅ©ng C-H-áº¾-T. Du lá»‹ch Má»¹ tá»± tÃºc #3 | USA Trip,2024-04-09T08:34:06Z,Khoai Lang Thang,2872164,34458,1859
FDMDKktG75I,"Láº·n biá»ƒn tÃ¬m háº£i sáº£n, no nÃª Ä‘áº·c sáº£n á»Ÿ Ä‘áº£o LÃ½ SÆ¡n |Du lá»‹ch áº©m thá»±c Quáº£ng NgÃ£i Viá»‡t Nam",2024-03-31T15:27:10Z,Khoai Lang Thang,3354618,32408,1167
NTEgu8uWS1I,Du lá»‹ch Má»¹ tá»± tÃºc #2: Tháº³ng tiáº¿n rá»«ng sÃ¢u Ä‘áº§y tuyáº¿t |USA trip,2024-03-30T14:35:47Z,Khoai Lang Thang,2116107,35121,1943
rMBaVOW4AE8,Du lá»‹ch Má»¹ tá»± tÃºc #1: Hai ngÃ y á»Ÿ San Francisco | USA trip,2024-03-23T08:37:08Z,Khoai Lang Thang,3503158,51271,2076
GOz2qHVKKC8,Ä‚n Tiá»‡c Miá»n TÃ¢y. Du lá»‹ch áº©m thá»±c CÃ  Mau,2024-02-08T03:19:16Z,Khoai Lang Thang,2225909,28153,1732
p_u50y858kY,Náº¥u ÄÃM GIá»– tá»« ba giá» sÃ¡ng |Du lá»‹ch áº©m thá»±c Miá»n TÃ¢y,2024-01-21T05:41:57Z,Khoai Lang Thang,5738110,46582,2427
DLagw6VWFSI,Tiá»‡c háº£i sáº£n trÃªn thuyá»n cÃ¢u Campuchia |Du lá»‹ch áº©m thá»±c Campuchia #3,2023-12-31T23:46:09Z,Khoai Lang Thang,3781006,32601,1411
CIuJyujz3Mc,Du lá»‹ch áº©m thá»±c Campuchia #2: Cáº¡nh tranh vá»›i PhÃº Quá»‘c?,2023-12-31T05:06:18Z,Khoai Lang Thang,4030622,28347,1030
89GcK3RZL5I,Du lá»‹ch áº©m thá»±c Campuchia #1: NGá»  NGÃ€NG,2023-12-28T15:24:13Z,Khoai Lang Thang,4836727,32967,1264
0jjopJXQvqo,No nÃª Chá»£ ÄÃªm á»Ÿ Luang Prabang |Du lá»‹ch áº©m thá»±c Luang Prabang LÃ o #5,2023-12-24T13:54:39Z,Khoai Lang Thang,1935563,23695,525
zlPqZF-48to,CHá»¢ TRá»œI sÃ¡ng sá»›m vÃ  nhiá»u Ä‘áº·c sáº£n láº¡ |Du lá»‹ch áº©m thá»±c Luang Prabang LÃ o #4,2023-12-22T04:54:36Z,Khoai Lang Thang,5096362,30598,1108
DRo7i4jQ3Z8,Äáº·c sáº£n vÃ  cáº£nh sáº¯c á»Ÿ Luang Prabang - Du lá»‹ch áº©m thá»±c LÃ o #3,2023-12-12T10:57:03Z,Khoai Lang Thang,2862812,26845,836
OWlik0yAwoc,Cuá»™c sá»‘ng Báº£n PhÃ¹ng #7: Em Lá»³ Máº¤T TÃCH?,2023-12-01T13:51:49Z,Khoai Lang Thang,1218225,36386,2442
w3Lacg8bqZI,Cuá»™c sá»‘ng Báº£n PhÃ¹ng #6: Trá»Ÿ láº¡i HÃ  Giang mÃ¹a lÃºa chÃ­n,2023-11-22T13:02:19Z,Khoai Lang Thang,1125847,28718,1818
M5LfC13vTIg,BÃ­ áº©n xÃ³m biá»ƒn sá»‘ng tÃ¡ch biá»‡t giá»¯a rá»«ng - Miá»n TÃ¢y phiÃªu lÆ°u kÃ½ |Du lá»‹ch áº©m thá»±c Viá»‡t Nam,2023-11-16T12:44:14Z,Khoai Lang Thang,3396294,33193,1761
GjtcXliMKjM,Cáº¥p Ä‘á»™ 999: NÆ¡i pháº£i Ä‘áº¿n má»™t láº§n trong Ä‘á»i - Cao Báº±ng |Du lá»‹ch áº©m thá»±c khÃ¡m phÃ¡ Viá»‡t Nam,2023-10-29T09:38:54Z,Khoai Lang Thang,3017659,31255,1327
lj_IhcnKbCw,"Kiáº¿p náº¡n á»Ÿ LÃ o, Ä‘á»«ng Ä‘i Vangvieng náº¿u mÆ°a |Du lá»‹ch áº©m thá»±c LÃ o #2",2023-10-18T14:52:59Z,Khoai Lang Thang,1787502,20196,679
Pu3TLc4qitE,"Chuyáº¿n Ä‘i LÃ o báº¥t á»•n, quÃ¡ nhiá»u thá»© ngoÃ i kiá»ƒm soÃ¡t |Du lá»‹ch áº©m thá»±c LÃ o #1",2023-10-04T05:14:24Z,Khoai Lang Thang,2451521,25721,763
hK-s3LsZcFc,"ğŸ‡¹ğŸ‡­Chá»£ Ä‘Ãªm biÃªn giá»›i ThÃ¡i LÃ o, sao toÃ n chá»§ ngÆ°á»i Viá»‡t? Du lá»‹ch áº©m thá»±c ThÃ¡i Lan #13 - Mukdahan",2023-09-19T14:54:27Z,Khoai Lang Thang,6804373,43929,1757
ykkAMhoSsmg,"ğŸ‡¹ğŸ‡­Nhá»¯ng mÃ³n Äƒn ráº¥t ká»³ láº¡, chuáº©n bá»‹ Ä‘i LÃ o |Du lá»‹ch áº©m thá»±c ThÃ¡i Lan #12",2023-09-13T11:38:51Z,Khoai Lang Thang,2815401,25406,666
KGb_j1E7XO8,ğŸ‡¹ğŸ‡­Äi chá»£ - CÃ¡ thá»§y quÃ¡i 300kg - 20 Ä‘áº·c sáº£n láº¡ |Du lá»‹ch áº©m thá»±c ThÃ¡i Lan #11,2023-08-28T08:26:05Z,Khoai Lang Thang,3862922,33765,1222
zc3A_CxSyc4,Náº¥u Ä‘Ã¡m miá»‡t vÆ°á»n á»Ÿ Miá»n TÃ¢y toÃ n Ä‘áº·c sáº£n |Du lá»‹ch áº©m thá»±c Miá»n TÃ¢y Viá»‡t Nam,2023-08-19T03:26:01Z,Khoai Lang Thang,5575163,44571,1899
RKL-XYdf9iM,ğŸ‡¹ğŸ‡­NgÃ y Ä‘áº§u á»Ÿ Nakhon Phanom |KÃ½ sá»± du lá»‹ch áº©m thá»±c ThÃ¡i Lan #10,2023-08-06T13:28:34Z,Khoai Lang Thang,1723743,19463,606
e594UM7wFMI,ğŸ‡¹ğŸ‡­Khu rá»«ng tÃ¢m linh KHÃ”NG ÄÆ¯á»¢C vÃ o má»™t mÃ¬nh |Du lá»‹ch áº©m thá»±c ThÃ¡i Lan #9,2023-07-28T11:39:24Z,Khoai Lang Thang,2030678,23344,790
9XUlDjvHAM4,"ğŸ‡¹ğŸ‡­Äi vá» phÆ°Æ¡ng Báº¯c ngang khu chá»£ trá»i, ngáº­p trÃ n mÃ³n Äƒn |Ä‚n sáº­p ThÃ¡i Lan #8",2023-07-17T14:14:05Z,Khoai Lang Thang,2444018,23476,861
GzW3FIP2gIo,ğŸ‡¹ğŸ‡­Chá»£ nÃ´ng sáº£n cá»§a ThÃ¡i khÃ¡c Viá»‡t Nam ra sao? Ä‚n sáº­p ThÃ¡i Lan #7 - Sakon Nakhon,2023-07-11T13:58:53Z,Khoai Lang Thang,4413919,32561,1091
ZNx9sLEZ0e8,ğŸ‡¹ğŸ‡­RÆ°ng rÆ°ng giá»ng Viá»‡t nÆ¡i Ä‘áº¥t khÃ¡ch. Du lá»‹ch áº©m thá»±c Sakon Nakhon |Ä‚n sáº­p ThÃ¡i Lan #6,2023-06-30T15:56:09Z,Khoai Lang Thang,3484019,31265,958
4YeglUKmVK4,"ğŸ‡¯ğŸ‡µChá»£ háº£i sáº£n á»Ÿ Tokyo, xáº¿p hÃ ng quÃ¡ má»‡t nhÆ°ng nhiá»u mÃ³n ngon |Du lá»‹ch áº©m thá»±c Nháº­t Báº£n #8",2023-06-17T13:39:00Z,Khoai Lang Thang,4026485,34208,750
k7X2CE5LXds,"PhÃº Quá»‘c: Má»±c tÆ°Æ¡i, háº£i sáº£n trong suá»‘t trÃªn tÃ u biá»ƒn |Du lá»‹ch áº©m thá»±c Miá»n TÃ¢y Viá»‡t Nam",2023-06-04T03:46:55Z,Khoai Lang Thang,2405976,25393,796
rcgrVgVlV5c,ğŸ‡¯ğŸ‡µáº¨m thá»±c á»Ÿ Tokyo |HÃ nh trÃ¬nh du lá»‹ch áº©m thá»±c Nháº­t Báº£n #7,2023-05-26T14:38:46Z,Khoai Lang Thang,3138372,31037,750
V_2_CPiTDR4,Náº¥u tiá»‡c Miá»n TÃ¢y Ä‘Ã£i ngÆ°á»i La ChÃ­. Cuá»™c sá»‘ng Báº£n PhÃ¹ng #5 |Du lá»‹ch áº©m thá»±c HÃ  Giang Viá»‡t Nam,2023-04-30T03:55:29Z,Khoai Lang Thang,1472744,41019,2487
mLmPajA_3Gg,"Äi chá»£ phiÃªn, náº¥u Ä‘áº·c sáº£n láº¡, kÃ©o Ä‘iá»‡n. Cuá»™c sá»‘ng Báº£n PhÃ¹ng #4 |Du lá»‹ch áº©m thá»±c Viá»‡t Nam",2023-04-22T13:18:21Z,Khoai Lang Thang,1453030,31189,1808
wX-TrSDnAys,Tiá»‡c nÆ°á»›ng dÃ£ chiáº¿n á»Ÿ bá» rá»«ng. Cuá»™c sá»‘ng Báº£n PhÃ¹ng #3 - Du lá»‹ch áº©m thá»±c HÃ  Giang Viá»‡t Nam,2023-04-15T14:54:38Z,Khoai Lang Thang,1293695,35979,1456
RvMcyBS8SgU,Náº¥u Buffet cho em. Cuá»™c sá»‘ng Báº£n PhÃ¹ng #2 | Du lá»‹ch áº©m thá»±c HÃ  Giang Viá»‡t Nam,2023-04-09T04:11:30Z,Khoai Lang Thang,1024620,29775,1399
M2B-FuaDTcA,Cuá»™c sá»‘ng Báº£n PhÃ¹ng #1 |Du lá»‹ch áº©m thá»±c Viá»‡t Nam,2023-04-02T07:53:50Z,Khoai Lang Thang,1157919,27824,1450
LrNiiFPKA90,ğŸ‡¯ğŸ‡µDu lá»‹ch áº©m thá»±c Nháº­t Báº£n #6: Nhá»¯ng cá»¥ giÃ  nÆ¡i ngÃ´i nhÃ  láº¡,2023-03-19T06:55:23Z,Khoai Lang Thang,1539065,18591,643
KMdlKttaWJY,ğŸ‡¯ğŸ‡µ Nháº­t kÃ½ du lá»‹ch Äƒn no cÃ nh hÃ´ng Nháº­t Báº£n #5,2023-03-12T12:46:12Z,Khoai Lang Thang,1759103,20836,526
QswEGJs4a74,"ğŸ‡¯ğŸ‡µChá»£ háº£i sáº£n á»Ÿ Nháº­t & chuyá»‡n láº¡ nÆ¡i ""táº¯m tiÃªn"" khÃ´ng máº·c gÃ¬ |Du lá»‹ch áº©m thá»±c Nháº­t Báº£n #4",2023-03-01T14:25:51Z,Khoai Lang Thang,4050729,32120,1194
fw02hy6vqaQ,"ğŸ‡¯ğŸ‡µNháº­t Báº£n #:3: 1000 ngÆ°á»i xáº¿p hÃ ng Ä‘á»ƒ Äƒn, vÃ¬ sao? VÆ°á»£t 300km Ä‘áº¿n Hakodate Hokkaido",2023-02-18T15:19:28Z,Khoai Lang Thang,2538376,23595,722
793McC23idc,ğŸ‡¯ğŸ‡µNháº­t Báº£n #2 -Trai Miá»n TÃ¢y láº§n Ä‘áº§u trÆ°á»£t tuyáº¿t á»Ÿ HokkaidÅ/Japan Food Trip,2023-02-11T12:34:39Z,Khoai Lang Thang,1486164,18876,458
Psj74U61H1Y,"ğŸ‡¯ğŸ‡µNháº­t Báº£n #1: Ä‚n Ä‘Ãªm & ""QuÃ¡n vui váº» trÃ¡ hÃ¬nh"" - Du lá»‹ch áº©m thá»±c HokkaidÅ |Japan Food Tour",2023-01-30T15:04:44Z,Khoai Lang Thang,2280086,26370,931
h_HWvUV_mCQ,"ğŸ‡°ğŸ‡·Äáº·c sáº£n ""khÃ´ng chÃ¢n Æ°á»›t Ã¡t trÃªn lá»­a há»“ng"" |Du lá»‹ch áº©m thá»±c HÃ n Quá»‘c #5",2023-01-21T02:47:40Z,Khoai Lang Thang,2713690,29709,525
3i3cDuGayqg,ğŸ‡°ğŸ‡·Chá»£ Gwangjang - ThiÃªn ÄÆ°á»ng Ä‚n Uá»‘ng |Du lá»‹ch áº©m thá»±c HÃ n Quá»‘c #4,2022-12-25T15:30:15Z,Khoai Lang Thang,7680470,57065,1639
OexdHszpU00,ğŸ‡°ğŸ‡·KÃ½ sá»± du lá»‹ch: Láº¡ ká»³ quÃ¡n Äƒn 70 nÄƒm KHÃ”NG CHO NGá»’I |áº¨m thá»±c HÃ n Quá»‘c #3,2022-12-19T04:28:56Z,Khoai Lang Thang,3992594,33185,951
Qyh8ZArkHMs,"ğŸ‡°ğŸ‡·Trai Miá»n TÃ¢y Ä‘i HÃ n Quá»‘c, Äƒn quÃ¡ xÃ¡ Äƒn |Du lá»‹ch HaÌ€n QuoÌ‚Ìc #2",2022-12-11T00:21:59Z,Khoai Lang Thang,2707579,29839,829
2gVWXkHSpL0,ğŸ‡°ğŸ‡·Du lá»‹ch áº©m thá»±c HÃ n Quá»‘c #:1 Vá» quÃª Ä‘Ã o vÃ  Äƒn nhÃ¢n sÃ¢m,2022-11-19T12:07:52Z,Khoai Lang Thang,1655632,25050,721
IHNKnPgbBGM,ğŸ‡®ğŸ‡³áº¤n Äá»™: Cáº£ ngÃ n ngÆ°á»i xáº¿p hÃ ng má»—i ngÃ y chá»‰ Ä‘á»ƒ Äƒn nhá»¯ng mÃ³n nÃ y |Du lá»‹ch áº©m thá»±c áº¤n Äá»™ #7,2022-11-12T09:48:03Z,Khoai Lang Thang,3154694,29034,905
qVH3OuNERKA,ğŸ‡®ğŸ‡³Du lá»‹ch áº©m thá»±c áº¤n Äá»™ #6: MÃ³n ngon sÃ¢u trong háº»m tá»‘i,2022-11-02T13:25:48Z,Khoai Lang Thang,2565074,28212,704
rDJCBxFDyGc,ğŸ‡®ğŸ‡³Ngá»¡ ngÃ ng trÆ°á»›c cÃ¡ch cháº¿ biáº¿n láº¡ ká»³ |Du lá»‹ch áº©m thá»±c áº¤n Äá»™ #5,2022-10-19T12:57:07Z,Khoai Lang Thang,2793272,27843,762
WCSlGe_2tpM,ğŸ‡®ğŸ‡³áº¨m thá»±c Ä‘Æ°á»ng phá»‘ - náº¥u trÃªn Ä‘Æ°á»ng phá»‘ |Du liÌ£ch aÌ‚Ì‰m thuÌ›Ì£c AÌ‚Ìn ÄoÌ£Ì‚ #4,2022-10-07T12:09:19Z,Khoai Lang Thang,4030586,35350,1107
sn3TkLmnI-k,ğŸ‡®ğŸ‡³Khu á»• chuá»™t ká»³ láº¡ & 10 mÃ³n Ä‘áº·c sáº£n |Du lá»‹ch áº©m thá»±c áº¤n Äá»™ #3,2022-09-18T08:37:06Z,Khoai Lang Thang,4600346,46356,1871
DLebW_0gwoc,ğŸ‡®ğŸ‡³Du lá»‹ch áº©m thá»±c áº¤n Äá»™ #2: Ä‚n chá»¥c mÃ³n má»™t ngÃ y táº¡i trung tÃ¢m cá»•,2022-09-11T06:38:03Z,Khoai Lang Thang,2510929,30630,915
ykx1TFsECIQ,"ğŸ‡®ğŸ‡³Vá»«a Ä‘áº¿n áº¤n Äá»™, ngá»¡ ngÃ ng vá»›i Ä‘á»“ Äƒn thá»©c uá»‘ng |Du lá»‹ch áº©m thá»±c áº¤n Äá»™ #1",2022-08-29T09:14:31Z,Khoai Lang Thang,2810997,36461,1070
VhIlgjHKRB4,1001 Ä‘áº·c sáº£n vá»«a láº¡ vá»«a ngon |Báº¯c HÃ  Du KÃ½ pháº§n cuá»‘i,2022-08-13T11:32:54Z,Khoai Lang Thang,1337932,19782,614
fCbjgpgXa4A,"Vá»«a bÆ°á»›c vÃ´ chá»£ phiÃªn, tháº¥y mÃ³n bÃ¡nh vÃ ng vÃ ng láº¡ láº¯m | Báº¯c HÃ  Du KÃ½ P5",2022-08-04T08:39:13Z,Khoai Lang Thang,2350717,24682,931
YTEyZlwD3K0,Bá»¯a tiá»‡c náº¥u theo cÃ¡ch cá»§a ngÆ°á»i NÃ¹ng - Báº¯c HÃ  Du KÃ½ #4 |Du lá»‹ch áº©m thá»±c Viá»‡t Nam,2022-07-31T03:02:26Z,Khoai Lang Thang,3026631,23871,676
i7J4C8LHE6Y,Báº¯c HÃ  Du KÃ½ Pháº§n 3,2022-07-23T13:22:09Z,Khoai Lang Thang,963804,17930,766
ILRRwwnbLyc,Báº¯c HÃ  Du KÃ½ P2: no nÃª á»Ÿ chá»£ phiÃªn LÃ¹ng PhÃ¬nh nhiá»u mÃ³n láº¡ |Äáº·c sáº£n vÃ¹ng cao,2022-07-15T14:07:43Z,Khoai Lang Thang,4737494,42616,1112
hoOxuB9qOLk,Báº¯c HÃ  Du KÃ½ P1: NgÃ y Ä‘áº§u tiÃªn |Du lá»‹ch áº©m thá»±c TÃ¢y Báº¯c Viá»‡t Nam,2022-07-09T11:57:01Z,Khoai Lang Thang,843593,16961,613
4NWNhzcRRtg,"Hai ngÃ y á»Ÿ Báº¯c Giang, Ä‘áº·c sáº£n quÃ¡ Ä‘Ã£ |Du lá»‹ch áº©m thá»±c Viá»‡t Nam",2022-06-28T12:24:52Z,Khoai Lang Thang,1916130,26257,1367
tce4fo144HA,ğŸ‡¹ğŸ‡­No nÃª á»Ÿ chá»£ Ä‘Ãªm Jodd Fairs - Ä‚n sáº­p ThÃ¡i Lan #5 |Du lá»‹ch cÃ¹ng Khoai Lang Thang,2022-06-23T09:58:37Z,Khoai Lang Thang,1991252,25473,624
K4zx4kx7X7M,ğŸ‡¹ğŸ‡­AÌ†n saÌ£Ì‚p ThaÌi Lan #4: Chá»£ trá»i lá»›n nháº¥t nhÃ¬ Tháº¿ Giá»›i Chatuchak |Du lá»‹ch khÃ¡m phÃ¡ áº©m thá»±c,2022-06-08T11:48:27Z,Khoai Lang Thang,3359547,30544,959
Kp27BlfAl3Y,"MÃ¹a sáº§u riÃªng á»Ÿ Miá»n TÃ¢y, báº¡n cÃ³ biáº¿t? NÃ´ng nghiá»‡p Viá»‡t Nam",2022-05-14T12:05:58Z,Khoai Lang Thang,2427084,36371,1925
CRvD8dOBmx8,ğŸ‡¹ğŸ‡­AÌ†n saÌ£Ì‚p ThaÌi Lan #3: 14 mÃ³n Ä‘áº·c sáº£n ngon láº¡ |Du lá»‹ch khÃ¡m phÃ¡ cÃ¹ng Khoai Lang Thang,2022-05-09T13:00:15Z,Khoai Lang Thang,5156894,48373,1713
JadA4PKvyHA,ğŸ‡¹ğŸ‡­Ä‚n sáº­p ThÃ¡i Lan #2 |Du lá»‹ch áº©m thá»±c cÃ¹ng Khoai Lang Thang,2022-04-28T12:15:03Z,Khoai Lang Thang,3315203,41943,1406
mm8lI7HrEHA,ğŸ‡¹ğŸ‡­HÃ nh trÃ¬nh sang ThÃ¡i vÃ  bá»‹ cÃ¡ch ly cá»§a Khoai Lang Thang | Ä‚n sáº­p ThÃ¡i Lan #1 |Du lá»‹ch áº©m thá»±c,2022-04-13T13:10:08Z,Khoai Lang Thang,1168807,24092,1175
_0fcf0tFLzw,"ÄÃ¡m cÆ°á»›i nÃ o cÅ©ng lÃ m mÃ³n nÃ y, nhÆ°ng giá» tháº¥t truyá»n rá»“i! Cuá»™c sá»‘ng sÃ´ng nÆ°á»›c Miá»n TÃ¢y",2022-02-13T10:39:23Z,Khoai Lang Thang,1817422,28672,1065
7brb9WzD1YE,Cuá»™c sá»‘ng miá»‡t vÆ°á»n Äá»“ng ThÃ¡p |Du lá»‹ch áº©m thá»±c Miá»n TÃ¢y,2022-01-11T12:16:13Z,Khoai Lang Thang,2473725,38452,1848
28oGGAiNtrU,"KhÃ¡m phÃ¡ SÆ¡n La, HÃ  Giang | Du lá»‹ch vÃ¹ng cao",2021-12-01T12:52:02Z,Khoai Lang Thang,1825448,32418,1644
BXJ9oVAEmoU,Cuá»™c sá»‘ng ven rá»«ng U Minh pháº§n 3 |Du lá»‹ch áº©m thá»±c CÃ  Mau Viá»‡t Nam,2021-09-11T05:23:01Z,Khoai Lang Thang,2445347,32667,1869
ENSLITZnc6w,"Cuá»™c sá»‘ng NÄƒm CÄƒn: Cua, ba khÃ­a Äƒn hoÃ i riáº¿t ngÃ¡n |Du lá»‹ch áº©m thá»±c Miá»n TÃ¢y Viá»‡t Nam",2021-08-07T14:32:35Z,Khoai Lang Thang,4244863,46391,2426
MZxiqm-JkfY,BÃ¡nh Ä‘Ãºc thá»§ cÃ´ng suá»‘t 50 nÄƒm Ä‘á» lá»­a á»Ÿ Miá»n TÃ¢y |Du lá»‹ch áº©m thá»±c Äá»“ng ThÃ¡p Viá»‡t Nam,2021-07-10T03:50:24Z,Khoai Lang Thang,4924649,62743,3937
ndx5BhSUIXY,Cuá»™c sá»‘ng ven rá»«ng U Minh |Du lá»‹ch áº©m thá»±c CÃ  Mau Miá»n TÃ¢y,2021-06-20T10:43:04Z,Khoai Lang Thang,2746267,37751,2048
cRmhNeBjap4,"Cuá»™c sá»‘ng ven rá»«ng U Minh, Ä‘áº·c sáº£n nÃ y láº¡ quÃ¡! Du lá»‹ch áº©m thá»±c CÃ  Mau Miá»n TÃ¢y",2021-06-04T10:58:06Z,Khoai Lang Thang,3196228,35962,2585
d8vM_9sWypg,"Äi báº¯t háº£i sáº£n, á»‘c leo cÃ¢y á»Ÿ biá»ƒn SÃ³c TrÄƒng |Du lá»‹ch áº©m thá»±c Miá»n TÃ¢y Viá»‡t Nam",2021-05-08T06:23:29Z,Khoai Lang Thang,3872526,40580,1887
JYULx2AItoI,(Lofi Ver.) 'em vÃ  nhá»¯ng ngÃ y yÃªu' - Khoai. (Lofi Ver. by Mr.Paa),2021-04-23T12:13:08Z,Khoai Lang Thang,181775,5474,235
WVAOQ5HPSq4,"Báº¯t háº£i sáº£n, chuá»™t biá»ƒn á»Ÿ rá»«ng báº§n Miá»n TÃ¢y, SÃ³c TrÄƒng |Du lá»‹ch áº©m thá»±c Viá»‡t Nam",2021-04-19T12:51:19Z,Khoai Lang Thang,3673763,36768,2210
SLpU2LGv54g,(Official MV) Em VÃ  Nhá»¯ng NgÃ y YÃªu - Khoai Lang Thang,2021-03-19T12:00:16Z,Khoai Lang Thang,2000671,55220,3222
SYcnSZfXwWw,Em vaÌ€ NhuÌ›Ìƒng NgaÌ€y YeÌ‚u - Khoai. | #Shorts Audio Teaser |19:03 ngÃ y 19/03,2021-03-17T11:36:25Z,Khoai Lang Thang,254694,7370,439
6S3pp7oLmog,Du lá»‹ch Nghá»‡ An: Ä‚n no chÆ¡i vui á»Ÿ cao nguyÃªn NghÄ©a ÄÃ n.,2021-03-06T13:58:37Z,Khoai Lang Thang,4057795,42980,3105
SjtMbfXcc6U,Náº¥u mÃ³n Äƒn xÆ°a hiáº¿m ngÆ°á»i biáº¿t |áº¨m thá»±c miá»‡t vÆ°á»n Miá»n TÃ¢y Báº¿n Tre,2021-02-27T04:11:02Z,Khoai Lang Thang,2421391,33142,2530
0f4SSs4ZGnI,"Láº¡ ká»³ â€œTáº¿t Kate"" cá»§a ngÆ°á»i ChÄƒm P3: â€œ1000 mÃ¢m lá»…â€ nÆ¡i thÃ¡nh Ä‘á»‹a |Du lá»‹ch áº©m thá»±c",2021-01-30T08:50:11Z,Khoai Lang Thang,928510,14070,741
7ALJRNYsgF8,"â€œTáº¿t Kate"" P2: Äi chá»£ quÃª náº¥u tiá»‡c rÆ°á»›c Y Trang |Du lá»‹ch áº©m thá»±c Viá»‡t Nam",2021-01-22T11:35:32Z,Khoai Lang Thang,1193840,15073,735
CG1zZxZa3KE,"""Táº¿t Kate"" á»Ÿ Viá»‡t Nam: MÃ³n Äƒn láº¡ dÃ¢ng tháº§n linh Ã­t ngÆ°á»i biáº¿t náº¥u |Du lá»‹ch áº©m thá»±c",2021-01-10T05:27:29Z,Khoai Lang Thang,1030997,15079,862
lpHZsaH_nfE,KhÃ¡m phÃ¡ Ä‘áº·c sáº£n sÃ´ng nÆ°á»›c miá»‡t vÆ°á»n Háº­u Giang |Du lá»‹ch Miá»n TÃ¢y Viá»‡t Nam,2020-12-19T13:04:55Z,Khoai Lang Thang,1883871,32542,1752
XwY9ysGXkI4,"Du lá»‹ch Äáº¯k Láº¯k, Äƒn Ä‘áº·c sáº£n giá»¯a rá»«ng chÃ­n Ä‘á» |TÃ¢y NguyÃªn Viá»‡t Nam",2020-12-12T11:51:48Z,Khoai Lang Thang,1814811,26405,1624
KJApEC8hGTk,VÃ o rá»«ng tÃ¬m loÃ i cÃ¢y Äƒn vÃ o nhá»› mÃ£i á»Ÿ Miá»n TÃ¢y sÃ´ng nÆ°á»›c |Du lá»‹ch Háº­u Giang,2020-11-28T05:47:07Z,Khoai Lang Thang,3223122,35376,2603
0gwVK2nUjYY,ÄÃ¡m giá»— miá»‡t vÆ°á»n á»Ÿ Äá»“ng ThÃ¡p P2 |Du lá»‹ch Miá»n TÃ¢y Viá»‡t Nam,2020-11-15T04:37:56Z,Khoai Lang Thang,4696827,34522,2775
AZ508saosRY,ÄÃ¡m giá»— miá»‡t vÆ°á»n á»Ÿ Äá»“ng ThÃ¡p P1 |Du lá»‹ch Miá»n TÃ¢y Viá»‡t Nam,2020-11-07T12:55:10Z,Khoai Lang Thang,2586414,28698,1877
L4HWqGQxIj4,MÃ³n ngon sÃ´ng nÆ°á»›c Ã­t ngÆ°á»i biáº¿t |Du lá»‹ch Háº­u Giang Miá»n TÃ¢y Viá»‡t Nam,2020-10-25T07:01:39Z,Khoai Lang Thang,5281038,42985,3796
934Upp7Efw0,Heo 7 mÃ³n Ä‘Ã£i bÃ  con xá»© Ä‘áº£o |Du lá»‹ch Nha Trang Viá»‡t Nam,2020-10-12T12:13:48Z,Khoai Lang Thang,513557,10211,467
QbLxZQpMwug,"Ä‚n háº£i sáº£n gáº·p loÃ i á»‘c ""khÃ´ng dÃ¡m gá»i tÃªn"" á»Ÿ HÃ²n Lá»›n |Du lá»‹ch Nha Trang Viá»‡t Nam",2020-10-03T12:31:10Z,Khoai Lang Thang,3732166,41159,1783
2m2P4QCCsEo,"Giá»¯a khuya Ä‘i theo tÃ u cÃ¡, bá»¯a Äƒn lÃªnh Ä‘Ãªnh giá»¯a biá»ƒn |Du lá»‹ch Viá»‡t Nam",2020-09-18T12:26:40Z,Khoai Lang Thang,1432370,20491,1086
xXTcKSxGClQ,Khoai Ä‘i lÃ m nhÃ¢n viÃªn giao hÃ ng.,2020-09-10T13:32:42Z,Khoai Lang Thang,586366,27208,1362
ooLe450fTw0,"KhÃ¡m phÃ¡ SÆ¡n La, HÃ  Giang P2 | BTS Äá»£i Ná»¥ CÆ°á»i Em",2020-08-28T11:34:09Z,Khoai Lang Thang,743086,18700,1370
5ta7YnZ1K_o,"KhÃ¡m phÃ¡ SÆ¡n La, HÃ  Giang P1 |BTS Äá»£i Ná»¥ CÆ°á»i Em",2020-08-09T04:15:39Z,Khoai Lang Thang,906423,25537,1824
Cn-y771YdgY,"Du lá»‹ch ÄÃ  Láº¡t, sÄƒn náº¥m rá»«ng, cáº¯m tráº¡i Ä‘Ãªm |Du lá»‹ch Viá»‡t Nam",2020-07-28T11:56:11Z,Khoai Lang Thang,1899244,26968,1939
rgtYBNml5ts,24h sá»‘ng trÃªn bÃ¨ hÃ u giá»¯a biá»ƒn Nha Trang |Du lá»‹ch Viá»‡t Nam,2020-07-20T11:06:50Z,Khoai Lang Thang,4790384,47193,1830
vIu-y8Ka9oY,Äá»£i Ná»¥ CÆ°á»i Em - Khoai - Official Music Video,2020-07-11T13:00:57Z,Khoai Lang Thang,2192691,51346,3025
2QBjIn6UK48,Chá»‰ cÃ³ á»Ÿ Miá»n TÃ¢y: Cuá»™c sá»‘ng trÃªn ghe hÃ ng P3 |Du lá»‹ch áº©m thá»±c Viá»‡t Nam,2020-06-12T12:07:34Z,Khoai Lang Thang,2303814,36941,1890
wfe5_skybHA,Chá»‰ cÃ³ á»Ÿ Miá»n TÃ¢y: Cuá»™c sá»‘ng trÃªn ghe hÃ ng P2 |Du lá»‹ch áº©m thá»±c Viá»‡t Nam,2020-06-05T11:00:43Z,Khoai Lang Thang,2104483,32032,2503
t35htz69mJg,Chá»‰ cÃ³ á»Ÿ Miá»n TÃ¢y: Cuá»™c sá»‘ng trÃªn ghe hÃ ng P1 |Du lá»‹ch áº©m thá»±c Viá»‡t Nam,2020-05-23T03:15:19Z,Khoai Lang Thang,2261757,39375,3072
LCYFqTATOXw,Äi báº¯t cÃ¡ vá» náº¥u Ä‘Ã¡m giá»— á»Ÿ Miá»n TÃ¢y |Du lá»‹ch An Giang Viá»‡t Nam,2020-04-24T12:41:19Z,Khoai Lang Thang,3250552,30103,1814
L0nW0P25DuU,Theo tÃ u biá»ƒn báº¯t háº£i sáº£n á»Ÿ BÃ¬nh Äá»‹nh |Du lá»‹ch áº©m thá»±c Viá»‡t Nam,2020-04-12T12:42:36Z,Khoai Lang Thang,2727922,39426,2068
ovp3WFhO7zU,Äáº·c sáº£n Miá»n Trung Ã­t ngÆ°á»i biáº¿t lÃ m |Du lá»‹ch áº©m thá»±c BÃ¬nh Äá»‹nh Viá»‡t Nam,2020-03-30T11:05:11Z,Khoai Lang Thang,3608329,41655,3029
LiWuwuAG7gM,Má»™t ngÃ y lÃ m bÃ¡nh vá»›i ngÆ°á»i ChÄƒm Äáº¡o Há»“i á»Ÿ An Giang |Du lá»‹ch áº©m thá»±c Miá»n TÃ¢y Viá»‡t Nam,2020-03-21T07:29:11Z,Khoai Lang Thang,1255142,18468,1096
E_M0rjD75C0,LÃ m Ä‘Æ°á»ng thá»‘t ná»‘t thá»§ cÃ´ng cá»§a ngÆ°á»i Khmer |Du lá»‹ch An Giang Miá»n TÃ¢y Viá»‡t Nam,2020-03-14T03:29:46Z,Khoai Lang Thang,1764102,28115,2204
KH3VXjncij4,Báº¯t cÃ¡ vá» náº¥u bá»¯a Äƒn chÃ  bÃ¡ á»Ÿ Miá»n TÃ¢y |Du lá»‹ch An Giang Viá»‡t Nam,2020-03-05T11:39:12Z,Khoai Lang Thang,2150488,28637,1980
r3UJ3Uc9VqM,NaÌ‚Ìu aÌ†n cuÌ€ng nguÌ›oÌ›Ì€i ChaÌ†m HoÌ‚Ì€i GiaÌo oÌ›Ì‰ MieÌ‚Ì€n TaÌ‚y |Du lá»‹ch áº©m thá»±c Viá»‡t Nam,2020-02-17T13:43:11Z,Khoai Lang Thang,4709265,36277,3094
T02aU8qpshQ,"10 nÄƒm & BÃ Máº¬T CHÆ¯A Ká»‚. Gia tháº¿ khá»§ng, Ä‘áº¡t WeChoice Awards? Khoai Lang Thang",2020-01-22T12:39:22Z,Khoai Lang Thang,3174963,88221,4708
Sywt49b7RPE,[OFFICIAL MUSIC VIDEO] ThÆ°Æ¡ng DÃ¹ Buá»“n Váº«n ThÆ°Æ¡ng - Khoai Lang Thang,2020-01-08T12:00:10Z,Khoai Lang Thang,2183534,45748,2473
HNDTMWCFt-Y,CÃ³ gÃ¬ trong lÃ²ng nÃºi lá»­a cÃ²n hoáº¡t Ä‘á»™ng? Du lá»‹ch Java Indonesia,2020-01-04T05:21:59Z,Khoai Lang Thang,739359,17773,925
wjDs5zwRlMA,"(Official Music Video) Muá»‘n YÃªu Tháº­t LÃ¢u Má»™t NgÆ°á»i - Khoai Lang Thang, St. Reddy",2019-12-23T12:00:10Z,Khoai Lang Thang,2557441,93884,4823
pmfWI9WdyIM,"50 triá»‡u/ngÃ y á»Ÿ Vá»‹nh Háº¡ Long cÃ³ gÃ¬ Ä‘áº·c biá»‡t? MÃ¡y bay, du thuyá»n riÃªng,...",2019-12-01T06:24:26Z,Khoai Lang Thang,5005763,47423,2717
v32lFxUUV5o,ÄÃ¡m CÆ°á»›i Miá»‡t VÆ°á»n Miá»n TÃ¢y cáº£ xÃ³m phá»¥ náº¥u quÃ¡ trá»i mÃ³n ngon! Vietnamese wedding ceremony,2019-11-22T11:30:12Z,Khoai Lang Thang,8107261,78135,6202
LXVXjb-wYP0,"Ä‚n Ä‘áº·c sáº£n, cÃ¡ há»“i, cÃ¡ táº§m, Ä‘i chÆ¡i há»™i... |KÃ½ sá»± du lá»‹ch áº©m thá»±c Sapa #6",2019-11-15T12:39:26Z,Khoai Lang Thang,1111521,21229,1109
l8M7inMU2Og,Chiá»u chiá»u náº¥u bá»¯a cÆ¡m quÃª |KÃ½ sá»± du lá»‹ch áº©m thá»±c Sapa #5,2019-11-08T10:52:17Z,Khoai Lang Thang,1049792,19601,1222
Jj_ByGMkaSA,Báº¥t ngá» nÆ¡i báº£n nhá» |KÃ½ sá»± du lá»‹ch áº©m thá»±c Sapa #4,2019-10-31T11:04:05Z,Khoai Lang Thang,967738,19519,1242
Gw513FgvbfA,"KÃ½ sá»± du lá»‹ch áº©m thá»±c Sapa #3: Äá»‘t Ä‘á»“ng, náº¥u Äƒn, báº¯t chuá»™t.",2019-10-25T10:57:38Z,Khoai Lang Thang,1265542,17272,1247
yWQbo6u-g6g,KÃ½ sá»± du lá»‹ch áº©m thá»±c Sapa #2 |MÃ¹a vÃ ng TÃ¢y Báº¯c Viá»‡t Nam,2019-10-17T11:30:27Z,Khoai Lang Thang,2183287,25027,1581
otxzZ2jWGfo,KÃ½ sá»± du lá»‹ch áº©m thá»±c Sapa #1,2019-10-12T03:07:20Z,Khoai Lang Thang,1170287,22296,1571
XdbjuI86zhM,HÃ nh trÃ¬nh xÃ¢y 30 sÃ¢n chÆ¡i cho tráº» nghÃ¨o kháº¯p Viá»‡t Nam |Viá»‡t Nam chuyá»‡n chÆ°a ká»ƒ pháº§n 2,2019-10-02T11:53:40Z,Khoai Lang Thang,408582,29785,2551
AgKmeKeAHDQ,Báº¥t ngá» vá»›i phÃ²ng tá»•ng thá»‘ng |KÃ½ sá»± du lá»‹ch áº©m thá»±c SaPa #7,2019-09-24T10:39:09Z,Khoai Lang Thang,1668261,29161,2048
2dsLkjv6g7M,Khai thÃ¡c lÆ°u huá»³nh trong lÃ²ng nÃºi lá»­a |Du lá»‹ch áº©m thá»±c Bali Indo #8,2019-09-12T11:09:01Z,Khoai Lang Thang,1559555,28792,1342
DytwOuye9hw,VÆ°á»£t biá»ƒn tiáº¿n vÃ o tháº¿ giá»›i Há»“i GiÃ¡o Java |Du lá»‹ch áº©m thá»±c Indo Bali #7,2019-09-06T10:52:50Z,Khoai Lang Thang,1395720,17342,896
SvWSW2Wj08I,Lang thang Bali Äƒn háº£i sáº£n & Ä‘áº·c sáº£n láº¡ |KÃ½ sá»± du lá»‹ch Bali #6 |Food & Travel,2019-08-30T11:22:26Z,Khoai Lang Thang,2311841,24672,1291
zBjisuQHMhY,BÃ£i biá»ƒn Ä‘áº¹p nháº¥t nhÃ¬ Tháº¿ Giá»›i á»Ÿ Bali cÃ³ gÃ¬? Du lá»‹ch Bali #5 |Khoai Lang Thang,2019-08-23T10:01:29Z,Khoai Lang Thang,1502898,20617,1599
ofM3Y3lrBr4,NhÃ  hÃ ng ká»³ láº¡. GÃµ mÃµ má»›i Ä‘Æ°á»£c Äƒn |Du lá»‹ch Bali #4 |Travel Guide,2019-08-14T11:02:14Z,Khoai Lang Thang,1079508,20363,1157
PELE_nkHDaE,HÃ nh trÃ¬nh ngÃ y 2 Ä‘áº§y báº¥t ngá» |Du lá»‹ch Bali #3 |Bali Travel Guide,2019-08-09T11:53:31Z,Khoai Lang Thang,949392,15693,1145
a0RLS40Qh-A,Viá»‡t Nam chuyá»‡n chÆ°a ká»ƒ |Vietnam Untold Story |Khoai Lang Thang,2019-08-02T11:17:31Z,Khoai Lang Thang,919103,63578,4449
cbRhisbICYk,"áº¨m thá»±c Ä‘Æ°á»ng phá»‘, gáº·p mÃ³n gÃ¬ Äƒn mÃ³n Ä‘Ã³ |Du lá»‹ch BALI #2 |Street food",2019-07-19T11:11:25Z,Khoai Lang Thang,1232479,21282,1123
M-GcDqVDkTg,Du lá»‹ch BALI |Sá»‘c vÃ¬ WC lá»™ thiÃªn á»Ÿ resort cao cáº¥p |Bali Travel Guide,2019-07-16T10:51:15Z,Khoai Lang Thang,1979347,28472,1991
q5EPifZQK8I,BALI DU KÃ |Du lá»‹ch Bali-Java Indonesia Trailer,2019-07-13T04:15:39Z,Khoai Lang Thang,235368,10843,1019
tTQNbiaQ1-s,Láº¥y cá»§ há»§ dá»«a náº¥u bá»¯a Äƒn hoÃ nh trÃ¡ng á»Ÿ Miá»n TÃ¢y |Báº¿n Tre Viá»‡t Nam,2019-07-06T02:17:55Z,Khoai Lang Thang,3859445,51372,3974
TyzP2yUATuM,ÄÃ¡m giá»— bÃªn cá»“n toÃ n mÃ³n ngon Ä‘Ã£i 03 ngÃ y 03 Ä‘Ãªm á»Ÿ Miá»n TÃ¢y |Feast in VietNam,2019-06-21T23:53:05Z,Khoai Lang Thang,6516807,55756,5589
tPRzdtqLUfA,"Thá»‹t nÆ°á»›ng 100 tuá»•i, tÃ´m sá»‘ng, giáº¥y phÃ¢n voi & quÃ¡ trá»i mÃ³n láº¡ |Chiang Mai Thailand travel guide",2019-06-07T11:34:32Z,Khoai Lang Thang,1005773,17983,1137
36ms9Si7f8I,XIN Lá»–I - KHOAI | St. Há»“ Tiáº¿n Äáº¡t (M/V),2019-06-01T03:45:50Z,Khoai Lang Thang,1807254,92510,9190
TrbtMqHSmcc,800 NGÃ€Y ÄI KHáº®P VIá»†T NAM |800 days around VietNam,2019-05-25T03:47:15Z,Khoai Lang Thang,3623750,137707,13160
OEeB5cevYYc,Äáº¹p khÃ´ng tÆ°á»Ÿng lá»… há»™i váº¡n Ä‘Ã¨n trá»i |Du lá»‹ch Chiang Mai ThÃ¡i Lan #7,2019-05-17T12:02:34Z,Khoai Lang Thang,779244,20771,1447
rl0mZwIpVVM,KÃ½ sá»± du lá»‹ch tá»± tÃºc: KhÃ¡m phÃ¡ lÃ ng PAI ná»•i tiáº¿ng |Chiang Mai ThÃ¡i Lan #6,2019-05-11T02:37:52Z,Khoai Lang Thang,2067387,21239,1219
Cxq-fktUc4g,KÃ½ sá»± du lá»‹ch tá»± tÃºc: ngÃ´i lÃ ng áº©n trÃªn Ä‘á»‰nh nÃºi |Chiang Mai ThÃ¡i Lan #5,2019-05-03T11:33:04Z,Khoai Lang Thang,2123602,30129,2016
4X0ogxZoc7E,KÃ½ sá»± du lá»‹ch tá»± tÃºc: Ká»² Láº  quÃ¡n Äƒn Ä‘á»ƒ tiá»n cho khÃ¡ch láº¥y |Chiang Mai ThÃ¡i Lan #4,2019-04-26T11:23:26Z,Khoai Lang Thang,1515015,19820,996
ySpD5cpX9O8,Chá»£ phiÃªn ngÆ°á»i Viá»‡t chÆ°a tá»«ng biáº¿t |KÃ½ sá»± du lá»‹ch tá»± tÃºc Chiang Mai ThÃ¡i Lan #3,2019-04-19T11:39:37Z,Khoai Lang Thang,2815423,29502,1559
c2V8gHLi1Sw,HÃ nh trÃ¬nh nÆ¡i cá»±c báº¯c Viá»‡t Nam |KÃ½ sá»± du lá»‹ch HÃ  Giang #10,2019-04-12T11:46:00Z,Khoai Lang Thang,1360378,17300,1252
HjAxjN_8EWU,PhÃ¡t hiá»‡n hÃ²n Ä‘áº£o toÃ n trÃ¡i cÃ¢y & Ä‘áº·c sáº£n á»Ÿ Viá»‡t Nam |Cáº§n ThÆ¡ - Miá»n TÃ¢y,2019-04-05T12:15:21Z,Khoai Lang Thang,5129052,51935,3771
R8leL1-SOcg,"Ä‚n Sáº­p ÄÃ i Loan táº­p cuá»‘i: KhÃ¡m phÃ¡ ÄÃ i Trung, chá»£ Ä‘Ãªm hoÃ nh trÃ¡ng",2019-03-29T12:26:22Z,Khoai Lang Thang,3120954,25965,1205
MM53Ao8nIls,"Ká»³ dá»‹ mÃ³n KEM HÃ€U Sá»NG á»Ÿ ""thá»‹ tráº¥n hÃ u"" |Ä‚n sáº­p ÄÃ i Loan #14",2019-03-22T10:48:03Z,Khoai Lang Thang,1634674,19555,1079
o9aXZyCAhCc,Báº¥t ngá» nhá»¯ng mÃ³n Äƒn báº¡n chÆ°a tá»«ng tháº¥y |Ä‚n sáº­p ÄÃ i Loan #13,2019-03-16T02:44:34Z,Khoai Lang Thang,2340519,20626,1027
x02WEP3kRY4,Äá»“i cá»«u ChÃ¢u Ã‚u & nhiá»u mÃ³n láº¡ |Ä‚n sáº­p ÄÃ i Loan #12,2019-03-08T11:13:29Z,Khoai Lang Thang,1710436,17823,1077
-pq4NuJMfrc,Ä‚n sáº­p ÄÃ i Loan #11: Truy tÃ¬m cÃ¡ tiá»n sá»­ á»Ÿ biá»ƒn há»“ Nháº­t Nguyá»‡t |Du lá»‹ch áº©m thá»±c,2019-03-02T02:18:10Z,Khoai Lang Thang,2479380,18868,1211
J6gX2Tzgh5U,Ä‚n sáº­p ÄÃ i Loan #10: MÃ³n láº¡ á»Ÿ phá»‘ nÃºi Nantou |Du lá»‹ch áº©m thá»±c,2019-02-22T11:50:05Z,Khoai Lang Thang,1411454,17306,833
bWSwYowJXwA,Ä‚n Sáº­p ÄÃ i Loan #9: GÃ  rÃ¡n khá»•ng lá»“ chá»£ Ä‘Ãªm Shilin |Du lá»‹ch áº©m thá»±c,2019-02-16T12:43:17Z,Khoai Lang Thang,2923955,34943,1376
LB3E3V81Mn0,Ä‚N Táº¾T MIá»€N TÃ‚Y vui quÃ¡ xÃ¡ #2 |Du lá»‹ch áº©m thá»±c Viá»‡t Nam,2019-02-09T02:47:03Z,Khoai Lang Thang,1352627,15227,1216
pMdqJb__0Rk,Ä‚N Táº¾T MIá»€N TÃ‚Y vui quÃ¡ xÃ¡ |Du lá»‹ch áº©m thá»±c Viá»‡t Nam.,2019-02-07T02:13:42Z,Khoai Lang Thang,2806675,27341,1684
a-RVPz-lGv4,MÃ³n Äƒn gia truyá»n hiáº¿m ngÆ°á»i biáº¿t lÃ m á»Ÿ Miá»n TÃ¢y #2 |Du lá»‹ch áº©m thá»±c Viá»‡t Nam,2019-01-30T10:59:12Z,Khoai Lang Thang,2661409,27322,2430
aqojWgdqvI4,MÃ³n Äƒn gia truyá»n hiáº¿m ngÆ°á»i biáº¿t lÃ m á»Ÿ Miá»n TÃ¢y #1 |Du lá»‹ch áº©m thá»±c Viá»‡t Nam,2019-01-27T01:08:27Z,Khoai Lang Thang,713284,12573,1256
zMn9mithu84,Biá»ƒn hoa khá»•ng lá»“ á»Ÿ CÃ¡i MÆ¡n Báº¿n Tre. Du lá»‹ch Viá»‡t Nam,2019-01-23T10:35:40Z,Khoai Lang Thang,199077,6437,732
HHgF54a8MLY,KÃ½ sá»± du lá»‹ch áº©m thá»±c HÃ  Giang #9 |Äi lá»… há»™i dÃ¢n tá»™c La ChÃ­ HoÃ ng Su PhÃ¬,2019-01-21T10:56:48Z,Khoai Lang Thang,1414478,16168,937
r35nYry4zX0,Khoai Lang Thang láº§n Ä‘áº§u lÃªn VTV3 |Truyá»n hÃ¬nh quá»‘c gia Viá»‡t Nam,2019-01-18T11:36:14Z,Khoai Lang Thang,1526276,39256,2599
a-2iTFdtnvk,Cuá»™c sá»‘ng báº£n PhÃ¹ng 4 nÄƒm trÆ°á»›c. NÆ¡i cÃ³ cáº£nh Ä‘áº¹p nháº¥t nhÃ¬ Viá»‡t Nam |Du lá»‹ch áº©m thá»±c HÃ  Giang #8,2019-01-11T12:11:16Z,Khoai Lang Thang,6045537,61219,4366
Jcvtxa7gnkA,Ä‚n Sáº­p ÄÃ i Loan #8: Phá»‘ biá»ƒn Äáº¡m Thá»§y P2 |Du lá»‹ch áº©m thá»±c,2019-01-05T04:06:19Z,Khoai Lang Thang,1806412,25419,1142
HcRvAhFcKX4,Ä‚n Sáº­p ÄÃ i Loan #7:  Phá»‘ biá»ƒn Äáº¡m Thá»§y P1 |Du lá»‹ch áº©m thá»±c,2019-01-01T14:04:49Z,Khoai Lang Thang,2058683,22958,931
x89b7jlds6c,Cáº¤P Äá»˜ 9999 áº©m thá»±c chá»£ Ä‘Ãªm Raohe |Ä‚n Sáº­p ÄÃ i Loan #6,2018-12-28T11:03:24Z,Khoai Lang Thang,3234218,40266,1594
q27fRztrBWU,KÃ½ sá»± du lá»‹ch tá»± tÃºc: Sá»£ cÅ©ng pháº£i Äƒn! Chiang Mai ThÃ¡i Lan #2,2018-12-22T01:35:20Z,Khoai Lang Thang,1633423,19476,1132
7yKPv7SAlRQ,KÃ½ sá»± du lá»‹ch tá»± tÃºc Chiang Mai ThÃ¡i Lan #1: Ä‚n Ä‘i chá» chi!,2018-12-14T11:37:11Z,Khoai Lang Thang,1085972,14462,842
kL-XgVsV8EI,Chiang Mai - Khoai Lang Thang: CUá»˜C PHIÃŠU LÆ¯U Báº®T Äáº¦U!,2018-12-10T12:31:44Z,Khoai Lang Thang,123516,4124,420
S07VinbxN3g,"CUA HOÃ€NG Äáº¾, BÃ€O NGÆ¯ Sá»NG, TÃ”M Sá»NG, Háº¢I Sáº¢N |Ä‚n Sáº­p ÄÃ i Loan #5",2018-12-07T11:15:59Z,Khoai Lang Thang,5235118,48798,1813
nEVCODTyZSU,Ä‚n Sáº­p ÄÃ i Loan #4: TAIPEI 101 & NHIá»€U MÃ“N Láº  |Taiwan Travel Guide,2018-11-30T12:42:48Z,Khoai Lang Thang,2339366,30345,1402
nti2HE1D5lc,Ká»³ quan bá»‹ lÃ£ng quÃªn dÆ°á»›i Ä‘Ã¡y vá»±c |MÃ£ PÃ¬ LÃ¨ng-Nho Quáº¿ du lá»‹ch HÃ  Giang #7,2018-11-17T01:54:34Z,Khoai Lang Thang,3694810,39990,2302
mi6Wdh27x5s,Ä‚n Sáº­p ÄÃ i Loan #3: CHá»¢ ÄÃŠM TOÃ€N MÃ“N Láº  |Taiwan Travel Guide,2018-11-09T10:00:02Z,Khoai Lang Thang,4044727,39003,1897
l-CMde2_6-c,Ä‚n Sáº­p ÄÃ i Loan #2: MÃ“N Ä‚N VUA CÃ€N LONG SAY MÃŠ? Du lá»‹ch áº©m thá»±c,2018-11-02T11:10:30Z,Khoai Lang Thang,2842835,31211,1682
YMLB1rEPwMw,Ä‚n Sáº­p ÄÃ i Loan #1: KINH NGHIá»†M SÃ‚N BAY |Du lá»‹ch ÄÃ i Loan.,2018-10-31T12:42:45Z,Khoai Lang Thang,827240,18023,1181
gIgGjtSRyo8,HOáº¢NG Há»’N vÃ¬ cÃ¡c mÃ³n bÃ¡n á»Ÿ chá»£ phiÃªn |Du lá»‹ch HÃ  Giang Viá»‡t Nam #6,2018-10-27T02:44:49Z,Khoai Lang Thang,3613577,25199,1862
fNmBQEMeCEU,NgÆ°á»i MÃ´ng náº¥u mÃ¨n mÃ©n Ä‘Ã£i ngÆ°á»i Miá»n TÃ¢y |Du lá»‹ch HÃ  Giang #5,2018-10-20T02:07:52Z,Khoai Lang Thang,1078000,12551,901
rEUd12lnGz8,Ä‚N THá»ŠT NÆ¯á»šNG THEO CÃCH NGÆ¯á»œI DAO |Du lá»‹ch HÃ  Giang #4,2018-10-13T04:25:38Z,Khoai Lang Thang,1301262,13704,1008
FI76bkpTeqQ,KhÃ¡m phÃ¡ hang Ä‘á»™ng Ä‘áº¹p nháº¥t vÃ¹ng cao Viá»‡t Nam |Du Lá»‹ch HÃ  Giang #3,2018-10-10T10:29:32Z,Khoai Lang Thang,831256,9330,775
Qi0NIRSEElU,Má»™t ngÃ y lang thang Quáº£n Báº¡ |Du lá»‹ch áº©m thá»±c HÃ  Giang #2,2018-10-05T11:26:00Z,Khoai Lang Thang,1168742,12160,978
IK6q6dWaHeU,KÃ½ sá»± du lá»‹ch áº©m thá»±c HÃ  Giang #1 |Tp.HÃ  Giang Ä‘áº¿n Quáº£n Báº¡,2018-09-30T04:19:14Z,Khoai Lang Thang,2337948,19024,1737
6lyCfq8BQt8,KÃ½ sá»± du lá»‹ch PhÃº YÃªn: ÄÃ¨n pha Ä‘áº¡i dÆ°Æ¡ng | PhÃº YÃªn Travel Guide #4,2018-09-16T06:36:52Z,Khoai Lang Thang,1166554,12993,1122
RTDVFcTjMcY,Ä‚N Háº¢I Sáº¢N TRÃŠN BÃˆ TÃ”M HÃ™M |KÃ½ sá»± du lá»‹ch PhÃº YÃªn #3,2018-09-14T13:09:36Z,Khoai Lang Thang,4943388,38170,2194
V5972msvhLM,Bá»®A CÆ M CHIA TAY â€¢ RA VÆ¯á»œN HÃI TRÃI CÃ‚Y |á» áº©n ÄÃ€ Láº T #3,2018-09-08T03:49:51Z,Khoai Lang Thang,1899906,18425,1570
6BOl5XHZImY,Náº¥u Äƒn á»Ÿ cÄƒn báº¿p â€œÄáº¸P NHáº¤T VIá»†T NAMâ€ â€¢ á» áº©n  ÄÃ€ Láº T #2,2018-09-02T02:55:39Z,Khoai Lang Thang,931491,12131,914
irQqgFHGe8k,Sáº½ ra sao náº¿u KHÃ”NG CÃ“ SÃ“NG ÄIá»†N THOáº I? á» áº©n ÄÃ€ Láº T #1,2018-08-31T11:12:18Z,Khoai Lang Thang,998394,15829,1386
23QpMHRdvkI,Ä‚n Háº¢I Sáº¢N NGON cáº¡nh GÃ nh ÄÃ¡ DÄ©a |KÃ½ sá»± du lá»‹ch PhÃº YÃªn #2,2018-08-26T02:24:40Z,Khoai Lang Thang,3477374,27733,1658
lpHZsaH_nfE,KhÃ¡m phÃ¡ Ä‘áº·c sáº£n sÃ´ng nÆ°á»›c miá»‡t vÆ°á»n Háº­u Giang |Du lá»‹ch Miá»n TÃ¢y Viá»‡t Nam,2020-12-19T13:04:55Z,Khoai Lang Thang,1883745,32538,1752
XwY9ysGXkI4,"Du lá»‹ch Äáº¯k Láº¯k, Äƒn Ä‘áº·c sáº£n giá»¯a rá»«ng chÃ­n Ä‘á» |TÃ¢y NguyÃªn Viá»‡t Nam",2020-12-12T11:51:48Z,Khoai Lang Thang,1814249,26404,1624
KJApEC8hGTk,VÃ o rá»«ng tÃ¬m loÃ i cÃ¢y Äƒn vÃ o nhá»› mÃ£i á»Ÿ Miá»n TÃ¢y sÃ´ng nÆ°á»›c |Du lá»‹ch Háº­u Giang,2020-11-28T05:47:07Z,Khoai Lang Thang,3222868,35373,2603
0gwVK2nUjYY,ÄÃ¡m giá»— miá»‡t vÆ°á»n á»Ÿ Äá»“ng ThÃ¡p P2 |Du lá»‹ch Miá»n TÃ¢y Viá»‡t Nam,2020-11-15T04:37:56Z,Khoai Lang Thang,4696372,34521,2775
AZ508saosRY,ÄÃ¡m giá»— miá»‡t vÆ°á»n á»Ÿ Äá»“ng ThÃ¡p P1 |Du lá»‹ch Miá»n TÃ¢y Viá»‡t Nam,2020-11-07T12:55:10Z,Khoai Lang Thang,2586080,28695,1877
L4HWqGQxIj4,MÃ³n ngon sÃ´ng nÆ°á»›c Ã­t ngÆ°á»i biáº¿t |Du lá»‹ch Háº­u Giang Miá»n TÃ¢y Viá»‡t Nam,2020-10-25T07:01:39Z,Khoai Lang Thang,5280759,42983,3796
934Upp7Efw0,Heo 7 mÃ³n Ä‘Ã£i bÃ  con xá»© Ä‘áº£o |Du lá»‹ch Nha Trang Viá»‡t Nam,2020-10-12T12:13:48Z,Khoai Lang Thang,513531,10211,467
QbLxZQpMwug,"Ä‚n háº£i sáº£n gáº·p loÃ i á»‘c ""khÃ´ng dÃ¡m gá»i tÃªn"" á»Ÿ HÃ²n Lá»›n |Du lá»‹ch Nha Trang Viá»‡t Nam",2020-10-03T12:31:10Z,Khoai Lang Thang,3731016,41156,1783
2m2P4QCCsEo,"Giá»¯a khuya Ä‘i theo tÃ u cÃ¡, bá»¯a Äƒn lÃªnh Ä‘Ãªnh giá»¯a biá»ƒn |Du lá»‹ch Viá»‡t Nam",2020-09-18T12:26:40Z,Khoai Lang Thang,1432329,20492,1086
xXTcKSxGClQ,Khoai Ä‘i lÃ m nhÃ¢n viÃªn giao hÃ ng.,2020-09-10T13:32:42Z,Khoai Lang Thang,586364,27208,1362
ooLe450fTw0,"KhÃ¡m phÃ¡ SÆ¡n La, HÃ  Giang P2 | BTS Äá»£i Ná»¥ CÆ°á»i Em",2020-08-28T11:34:09Z,Khoai Lang Thang,743058,18700,1370
5ta7YnZ1K_o,"KhÃ¡m phÃ¡ SÆ¡n La, HÃ  Giang P1 |BTS Äá»£i Ná»¥ CÆ°á»i Em",2020-08-09T04:15:39Z,Khoai Lang Thang,906387,25538,1824
Cn-y771YdgY,"Du lá»‹ch ÄÃ  Láº¡t, sÄƒn náº¥m rá»«ng, cáº¯m tráº¡i Ä‘Ãªm |Du lá»‹ch Viá»‡t Nam",2020-07-28T11:56:11Z,Khoai Lang Thang,1899179,26968,1939
rgtYBNml5ts,24h sá»‘ng trÃªn bÃ¨ hÃ u giá»¯a biá»ƒn Nha Trang |Du lá»‹ch Viá»‡t Nam,2020-07-20T11:06:50Z,Khoai Lang Thang,4789874,47194,1830
vIu-y8Ka9oY,Äá»£i Ná»¥ CÆ°á»i Em - Khoai - Official Music Video,2020-07-11T13:00:57Z,Khoai Lang Thang,2192615,51346,3025
2QBjIn6UK48,Chá»‰ cÃ³ á»Ÿ Miá»n TÃ¢y: Cuá»™c sá»‘ng trÃªn ghe hÃ ng P3 |Du lá»‹ch áº©m thá»±c Viá»‡t Nam,2020-06-12T12:07:34Z,Khoai Lang Thang,2303666,36939,1890
wfe5_skybHA,Chá»‰ cÃ³ á»Ÿ Miá»n TÃ¢y: Cuá»™c sá»‘ng trÃªn ghe hÃ ng P2 |Du lá»‹ch áº©m thá»±c Viá»‡t Nam,2020-06-05T11:00:43Z,Khoai Lang Thang,2104236,32030,2503
t35htz69mJg,Chá»‰ cÃ³ á»Ÿ Miá»n TÃ¢y: Cuá»™c sá»‘ng trÃªn ghe hÃ ng P1 |Du lá»‹ch áº©m thá»±c Viá»‡t Nam,2020-05-23T03:15:19Z,Khoai Lang Thang,2261500,39371,3072
LCYFqTATOXw,Äi báº¯t cÃ¡ vá» náº¥u Ä‘Ã¡m giá»— á»Ÿ Miá»n TÃ¢y |Du lá»‹ch An Giang Viá»‡t Nam,2020-04-24T12:41:19Z,Khoai Lang Thang,3250288,30100,1814
L0nW0P25DuU,Theo tÃ u biá»ƒn báº¯t háº£i sáº£n á»Ÿ BÃ¬nh Äá»‹nh |Du lá»‹ch áº©m thá»±c Viá»‡t Nam,2020-04-12T12:42:36Z,Khoai Lang Thang,2727564,39424,2068
ovp3WFhO7zU,Äáº·c sáº£n Miá»n Trung Ã­t ngÆ°á»i biáº¿t lÃ m |Du lá»‹ch áº©m thá»±c BÃ¬nh Äá»‹nh Viá»‡t Nam,2020-03-30T11:05:11Z,Khoai Lang Thang,3608012,41655,3029
LiWuwuAG7gM,Má»™t ngÃ y lÃ m bÃ¡nh vá»›i ngÆ°á»i ChÄƒm Äáº¡o Há»“i á»Ÿ An Giang |Du lá»‹ch áº©m thá»±c Miá»n TÃ¢y Viá»‡t Nam,2020-03-21T07:29:11Z,Khoai Lang Thang,1255023,18468,1096
E_M0rjD75C0,LÃ m Ä‘Æ°á»ng thá»‘t ná»‘t thá»§ cÃ´ng cá»§a ngÆ°á»i Khmer |Du lá»‹ch An Giang Miá»n TÃ¢y Viá»‡t Nam,2020-03-14T03:29:46Z,Khoai Lang Thang,1764084,28115,2204
KH3VXjncij4,Báº¯t cÃ¡ vá» náº¥u bá»¯a Äƒn chÃ  bÃ¡ á»Ÿ Miá»n TÃ¢y |Du lá»‹ch An Giang Viá»‡t Nam,2020-03-05T11:39:12Z,Khoai Lang Thang,2150280,28635,1980
r3UJ3Uc9VqM,NaÌ‚Ìu aÌ†n cuÌ€ng nguÌ›oÌ›Ì€i ChaÌ†m HoÌ‚Ì€i GiaÌo oÌ›Ì‰ MieÌ‚Ì€n TaÌ‚y |Du lá»‹ch áº©m thá»±c Viá»‡t Nam,2020-02-17T13:43:11Z,Khoai Lang Thang,4709106,36276,3094
T02aU8qpshQ,"10 nÄƒm & BÃ Máº¬T CHÆ¯A Ká»‚. Gia tháº¿ khá»§ng, Ä‘áº¡t WeChoice Awards? Khoai Lang Thang",2020-01-22T12:39:22Z,Khoai Lang Thang,3174154,88203,4707
Sywt49b7RPE,[OFFICIAL MUSIC VIDEO] ThÆ°Æ¡ng DÃ¹ Buá»“n Váº«n ThÆ°Æ¡ng - Khoai Lang Thang,2020-01-08T12:00:10Z,Khoai Lang Thang,2183422,45747,2473
HNDTMWCFt-Y,CÃ³ gÃ¬ trong lÃ²ng nÃºi lá»­a cÃ²n hoáº¡t Ä‘á»™ng? Du lá»‹ch Java Indonesia,2020-01-04T05:21:59Z,Khoai Lang Thang,739332,17773,925
wjDs5zwRlMA,"(Official Music Video) Muá»‘n YÃªu Tháº­t LÃ¢u Má»™t NgÆ°á»i - Khoai Lang Thang, St. Reddy",2019-12-23T12:00:10Z,Khoai Lang Thang,2557385,93885,4823
pmfWI9WdyIM,"50 triá»‡u/ngÃ y á»Ÿ Vá»‹nh Háº¡ Long cÃ³ gÃ¬ Ä‘áº·c biá»‡t? MÃ¡y bay, du thuyá»n riÃªng,...",2019-12-01T06:24:26Z,Khoai Lang Thang,5005381,47424,2717
v32lFxUUV5o,ÄÃ¡m CÆ°á»›i Miá»‡t VÆ°á»n Miá»n TÃ¢y cáº£ xÃ³m phá»¥ náº¥u quÃ¡ trá»i mÃ³n ngon! Vietnamese wedding ceremony,2019-11-22T11:30:12Z,Khoai Lang Thang,8104170,78133,6202
LXVXjb-wYP0,"Ä‚n Ä‘áº·c sáº£n, cÃ¡ há»“i, cÃ¡ táº§m, Ä‘i chÆ¡i há»™i... |KÃ½ sá»± du lá»‹ch áº©m thá»±c Sapa #6",2019-11-15T12:39:26Z,Khoai Lang Thang,1111393,21229,1109
l8M7inMU2Og,Chiá»u chiá»u náº¥u bá»¯a cÆ¡m quÃª |KÃ½ sá»± du lá»‹ch áº©m thá»±c Sapa #5,2019-11-08T10:52:17Z,Khoai Lang Thang,1049719,19602,1222
Jj_ByGMkaSA,Báº¥t ngá» nÆ¡i báº£n nhá» |KÃ½ sá»± du lá»‹ch áº©m thá»±c Sapa #4,2019-10-31T11:04:05Z,Khoai Lang Thang,967645,19518,1242
Gw513FgvbfA,"KÃ½ sá»± du lá»‹ch áº©m thá»±c Sapa #3: Äá»‘t Ä‘á»“ng, náº¥u Äƒn, báº¯t chuá»™t.",2019-10-25T10:57:38Z,Khoai Lang Thang,1265498,17272,1247
yWQbo6u-g6g,KÃ½ sá»± du lá»‹ch áº©m thá»±c Sapa #2 |MÃ¹a vÃ ng TÃ¢y Báº¯c Viá»‡t Nam,2019-10-17T11:30:27Z,Khoai Lang Thang,2183165,25028,1581
otxzZ2jWGfo,KÃ½ sá»± du lá»‹ch áº©m thá»±c Sapa #1,2019-10-12T03:07:20Z,Khoai Lang Thang,1170130,22297,1571
XdbjuI86zhM,HÃ nh trÃ¬nh xÃ¢y 30 sÃ¢n chÆ¡i cho tráº» nghÃ¨o kháº¯p Viá»‡t Nam |Viá»‡t Nam chuyá»‡n chÆ°a ká»ƒ pháº§n 2,2019-10-02T11:53:40Z,Khoai Lang Thang,408571,29784,2551
AgKmeKeAHDQ,Báº¥t ngá» vá»›i phÃ²ng tá»•ng thá»‘ng |KÃ½ sá»± du lá»‹ch áº©m thá»±c SaPa #7,2019-09-24T10:39:09Z,Khoai Lang Thang,1668218,29161,2048
2dsLkjv6g7M,Khai thÃ¡c lÆ°u huá»³nh trong lÃ²ng nÃºi lá»­a |Du lá»‹ch áº©m thá»±c Bali Indo #8,2019-09-12T11:09:01Z,Khoai Lang Thang,1559370,28793,1342
DytwOuye9hw,VÆ°á»£t biá»ƒn tiáº¿n vÃ o tháº¿ giá»›i Há»“i GiÃ¡o Java |Du lá»‹ch áº©m thá»±c Indo Bali #7,2019-09-06T10:52:50Z,Khoai Lang Thang,1395114,17340,896
SvWSW2Wj08I,Lang thang Bali Äƒn háº£i sáº£n & Ä‘áº·c sáº£n láº¡ |KÃ½ sá»± du lá»‹ch Bali #6 |Food & Travel,2019-08-30T11:22:26Z,Khoai Lang Thang,2311542,24673,1291
zBjisuQHMhY,BÃ£i biá»ƒn Ä‘áº¹p nháº¥t nhÃ¬ Tháº¿ Giá»›i á»Ÿ Bali cÃ³ gÃ¬? Du lá»‹ch Bali #5 |Khoai Lang Thang,2019-08-23T10:01:29Z,Khoai Lang Thang,1502719,20617,1599
ofM3Y3lrBr4,NhÃ  hÃ ng ká»³ láº¡. GÃµ mÃµ má»›i Ä‘Æ°á»£c Äƒn |Du lá»‹ch Bali #4 |Travel Guide,2019-08-14T11:02:14Z,Khoai Lang Thang,1079415,20363,1157
PELE_nkHDaE,HÃ nh trÃ¬nh ngÃ y 2 Ä‘áº§y báº¥t ngá» |Du lá»‹ch Bali #3 |Bali Travel Guide,2019-08-09T11:53:31Z,Khoai Lang Thang,949050,15694,1145
a0RLS40Qh-A,Viá»‡t Nam chuyá»‡n chÆ°a ká»ƒ |Vietnam Untold Story |Khoai Lang Thang,2019-08-02T11:17:31Z,Khoai Lang Thang,919068,63576,4450
cbRhisbICYk,"áº¨m thá»±c Ä‘Æ°á»ng phá»‘, gáº·p mÃ³n gÃ¬ Äƒn mÃ³n Ä‘Ã³ |Du lá»‹ch BALI #2 |Street food",2019-07-19T11:11:25Z,Khoai Lang Thang,1232409,21282,1123
M-GcDqVDkTg,Du lá»‹ch BALI |Sá»‘c vÃ¬ WC lá»™ thiÃªn á»Ÿ resort cao cáº¥p |Bali Travel Guide,2019-07-16T10:51:15Z,Khoai Lang Thang,1978939,28471,1991
q5EPifZQK8I,BALI DU KÃ |Du lá»‹ch Bali-Java Indonesia Trailer,2019-07-13T04:15:39Z,Khoai Lang Thang,235363,10843,1019
tTQNbiaQ1-s,Láº¥y cá»§ há»§ dá»«a náº¥u bá»¯a Äƒn hoÃ nh trÃ¡ng á»Ÿ Miá»n TÃ¢y |Báº¿n Tre Viá»‡t Nam,2019-07-06T02:17:55Z,Khoai Lang Thang,3859161,51374,3974
